# OpenStreetMap speed cameras, India bbox, ODbL. limit 0 = unknown.
6.892297,79.876920,0
6.892409,79.877112,0
6.914901,79.877510,0
6.917496,79.864589,0
8.462822,76.992509,50
8.521092,76.960731,0
8.521327,76.960738,0
8.565091,76.884343,0
8.582407,76.863793,50
8.596340,76.890723,50
8.615025,76.852104,90
8.615030,76.852112,90
8.635031,76.846241,70
8.666690,76.837601,90
8.666703,76.837620,90
8.671319,76.911391,80
8.686780,76.906695,0
8.687112,76.906698,80
8.727457,76.898442,80
8.727745,76.898494,80
8.749933,76.896990,0
8.750826,76.896646,80
8.768113,76.885077,40
8.807040,76.881119,0
8.808295,76.882405,80
8.823167,76.882874,80
8.824103,76.882258,80
8.832211,76.881554,80
8.857613,76.874447,80
8.859416,76.874173,80
8.873817,76.869357,80
8.895482,76.861954,80
9.093703,76.853592,80
9.094703,76.853010,80
9.193784,76.702794,0
9.221865,76.850861,80
9.363480,76.476278,0
9.378970,76.779490,80
9.379482,76.779644,80
9.384685,76.783746,80
9.385121,76.784031,80
9.391446,76.653812,0
9.421430,76.797505,80
9.424902,76.507513,80
9.451517,76.797446,80
9.462858,76.637809,60
9.475686,76.528254,60
9.541871,76.514030,85
9.565931,76.518787,85
9.568565,76.753188,80
9.570693,76.519826,85
9.570830,77.088533,0
9.570986,77.088578,70
9.572647,76.519693,85
9.572923,76.519558,60
9.598719,76.528666,50
9.606625,77.163505,70
9.646470,76.726937,80
9.653003,76.724221,80
9.675971,76.697588,80
9.677152,76.392653,40
9.686254,76.614695,40
9.686526,76.615226,80
9.693241,76.770331,70
9.694611,76.767295,70
9.703257,76.684417,50
9.705813,76.669606,50
9.707341,76.671223,70
9.709772,76.682532,50
9.710013,76.679131,50
9.711386,76.698522,60
9.711959,76.692681,50
9.714857,76.317450,70
9.714866,76.317344,90
9.717245,76.682731,70
9.720439,76.679658,70
9.731828,76.692744,50
9.747545,76.702318,70
9.768336,76.318163,60
9.768757,76.318318,70
9.803714,76.690130,70
9.832338,76.309463,90
9.832385,76.309595,70
9.838170,76.309325,70
9.838233,76.309163,90
9.856574,76.306657,90
9.856593,76.306800,70
9.857308,76.306723,70
9.866132,76.305393,70
9.867581,76.305072,90
9.867884,76.305164,70
9.879476,76.689924,70
9.879888,76.690581,70
9.881003,76.700862,70
9.886948,76.696347,70
9.888454,76.696652,80
9.895926,76.718397,40
9.896013,76.718300,50
9.896013,76.718467,50
9.896089,76.718374,50
9.899186,76.698376,70
9.900407,76.721212,70
9.902740,76.725448,50
9.902780,76.725525,50
9.907134,76.708573,80
9.907651,76.706059,50
9.908148,76.704142,80
9.908387,76.720657,70
9.910826,76.733716,70
9.916041,76.317054,70
9.916051,76.316946,70
9.929619,76.667340,80
9.944005,76.318162,70
9.944005,76.318283,70
9.954555,76.627547,80
9.960714,76.619584,80
9.978823,76.579387,50
9.997994,76.572041,80
10.042205,76.537089,80
10.043000,76.536344,80
10.043306,76.536054,80
10.045029,76.533867,80
10.046632,76.533068,80
10.050568,76.531208,80
10.088125,76.499429,80
10.089725,76.497963,80
10.093442,76.559632,70
10.114517,76.477817,80
10.114712,76.477679,80
10.122318,76.473308,80
10.123301,76.473203,80
10.130538,76.290259,70
10.130663,76.288730,70
10.132330,76.469649,80
10.138105,76.353519,90
10.138149,76.353422,90
10.139617,76.353432,90
10.139625,76.353340,90
10.161938,76.365561,90
10.162008,76.365533,90
10.163886,76.401775,70
10.170468,76.430000,80
10.180209,76.415124,80
10.183948,76.405667,80
10.197500,76.395657,70
10.205770,76.382163,80
10.205787,76.382280,80
10.208641,76.199417,70
10.209207,76.199335,70
10.209993,76.381809,70
10.210011,76.381913,70
10.210391,76.381661,80
10.210406,76.381705,50
10.210424,76.381762,80
10.220569,76.195891,50
10.220822,76.195982,50
10.229927,76.374034,70
10.229958,76.374154,70
10.231732,76.373595,70
10.241444,76.373067,80
10.241634,76.373170,80
10.259161,76.362436,70
10.259261,76.362488,70
10.267856,76.349643,70
10.267940,76.349743,70
10.268429,76.349144,70
10.268477,76.349261,70
10.283559,76.343041,70
10.283587,76.343170,70
10.309528,76.332203,90
10.310482,76.331684,90
10.401531,76.281446,90
10.403911,76.278497,70
10.403966,76.278594,70
10.405590,76.276316,90
10.405680,76.276396,90
10.432709,76.266082,90
10.456339,76.257944,0
10.458216,76.257992,70
10.458250,76.257867,70
10.465181,76.257692,70
10.465195,76.257811,70
10.468376,76.257969,0
10.502604,76.258234,90
10.502619,76.258121,90
10.503536,76.258255,90
10.510005,76.258447,70
10.510210,76.258166,0
10.510409,76.258341,70
10.513892,76.258448,70
10.513912,76.258568,70
10.578661,76.413330,80
10.578784,76.413369,80
10.579034,76.417479,80
10.579188,76.417491,80
10.590322,76.480785,70
10.594549,76.589853,80
10.594779,76.589077,80
10.597211,76.485293,90
10.597503,76.499416,70
10.597548,76.485822,90
10.598737,76.488178,80
10.610194,76.474509,80
10.611401,76.675279,80
10.611662,76.710963,80
10.611975,76.474343,70
10.612594,76.498331,80
10.612621,76.498228,80
10.612761,76.474254,70
10.613788,76.473779,70
10.614207,76.499747,90
10.614282,76.499682,90
10.614625,76.812429,80
10.627754,76.512847,90
10.627800,76.512736,90
10.635724,76.852267,70
10.635777,76.850004,70
10.642964,76.534976,90
10.643063,76.534924,90
10.646652,76.568388,70
10.648834,76.562555,90
10.648936,76.562496,90
10.649226,76.799822,70
10.649812,76.797159,70
10.677111,76.869217,0
10.677766,76.578004,70
10.677767,76.577888,70
10.682582,76.700407,70
10.683604,76.668153,70
10.683742,76.579183,70
10.683752,76.579068,70
10.686642,76.088401,70
10.696080,76.866807,70
10.699316,76.590772,70
10.699393,76.590691,70
10.715901,76.603293,70
10.722183,76.604302,70
10.722278,76.604241,70
10.733531,76.613392,70
10.733615,76.613340,70
10.735499,76.615837,80
10.735582,76.615792,80
10.737799,76.624164,70
10.737911,76.624152,70
10.738827,76.639884,70
10.738938,76.639885,70
10.743896,76.830299,70
10.763143,76.698547,70
10.763860,76.674814,70
10.763916,76.674751,70
10.766661,76.695019,70
10.773361,76.696066,0
10.773440,76.696020,70
10.775904,76.704999,80
10.775981,76.705829,70
10.776583,76.708415,80
10.783293,76.484653,80
10.791106,76.722993,70
10.791170,76.722847,80
10.794778,76.735351,70
10.794833,76.735272,70
10.795056,76.735928,70
10.797530,76.766760,0
10.798067,76.775135,0
10.799225,76.751211,80
10.799226,76.754986,0
10.799310,76.754400,0
10.799314,76.751186,70
10.800600,76.180255,0
10.804765,76.788131,0
10.805108,76.788334,0
10.820143,76.810423,0
10.826600,76.822064,0
10.826715,76.822056,0
10.842111,76.838899,0
10.842118,76.838786,0
10.849516,76.840823,0
11.062223,75.932312,0
11.070810,75.907098,0
11.070836,75.906812,0
11.071090,75.906352,80
11.203018,75.814527,80
11.269564,76.017178,0
11.304340,75.789605,70
11.313224,75.781275,70
12.356915,76.661650,100
12.357156,76.527251,40
12.357252,76.527226,40
12.366622,76.661845,100
12.385821,76.666707,100
12.385834,76.666848,100
12.394131,76.667786,100
12.432227,76.717106,100
12.471593,75.008756,80
12.496547,76.806695,100
12.496571,76.808599,100
12.509448,76.841458,100
12.558565,76.979488,100
12.558697,76.979426,100
12.610911,77.082968,100
12.631537,77.116777,100
12.642549,77.157268,100
12.642685,77.157224,100
12.643647,77.162116,100
12.643734,77.160733,100
12.738657,77.247681,100
12.743467,77.251277,100
12.770987,77.351411,100
12.775107,77.358633,100
12.775169,77.358481,100
12.816835,77.396782,100
12.849677,77.423955,100
12.849695,77.423831,100
12.850349,77.582378,80
12.850369,77.582051,80
12.853334,77.542100,80
12.853556,77.541943,80
12.862232,77.648533,120
12.864287,77.511322,80
12.864501,77.511257,120
12.878588,77.494990,80
12.879183,77.494940,80
12.881086,77.493264,80
12.884711,77.642523,0
12.898369,77.473242,80
12.901426,77.632348,60
12.951719,77.621512,0
12.968044,77.592488,0
12.976176,77.586996,0
12.978397,77.640597,0
12.978415,77.640577,0
12.978433,77.640596,0
12.979125,77.602617,0
12.979131,77.602623,0
12.981787,77.594521,0
12.989484,77.592977,0
12.989507,77.593000,0
13.015306,77.642975,0
13.015413,77.642883,0
13.015452,77.642797,0
13.041033,77.864618,120
13.041343,77.864608,120
13.089944,78.601905,0
13.090425,78.606110,0
13.127292,77.812822,80
13.128842,77.811662,80
13.131600,77.809768,100
13.174041,77.787834,100
13.174041,77.787921,100
13.175961,77.787167,80
13.176585,77.787044,80
13.198438,77.698776,80
13.204651,80.174791,0
13.221764,79.149474,0
13.223717,79.129527,0
13.223785,79.129520,0
13.259845,79.056706,0
13.267322,77.711939,80
13.267413,77.711203,80
13.267543,77.711068,80
13.282714,77.394548,100
13.284108,77.401739,100
14.516303,75.771436,80
14.679156,75.547262,0
14.771098,75.423496,0
15.387863,73.858703,50
16.769149,96.167750,50
16.774848,96.142485,0
16.776975,96.137090,0
16.777190,96.167264,0
16.778383,96.172808,0
16.778907,96.168031,50
16.779604,96.167374,0
16.783199,96.174324,0
16.787088,96.162263,0
16.804556,96.195213,0
16.819136,96.132892,70
16.824456,96.146288,70
16.868910,96.147240,50
17.314241,78.443794,60
17.963185,78.473776,60
18.344377,78.322191,80
18.568478,73.766975,0
18.568570,73.766999,0
18.662757,73.725197,100
18.662922,73.725198,100
18.683002,73.692894,100
18.703767,73.675569,100
18.703888,73.675841,100
18.704281,73.670162,100
18.704656,73.671909,100
18.706816,73.600207,100
18.706970,73.600089,100
18.707132,73.660911,100
18.707867,73.659264,100
18.708080,73.659212,100
18.709359,73.609547,100
18.709387,73.571819,100
18.709571,73.571855,100
18.712550,73.619668,50
18.713717,73.561526,100
18.713905,73.561627,100
18.716342,73.634964,40
18.716451,73.557897,100
18.716589,73.558018,100
18.716618,73.637888,40
18.716811,73.637878,40
18.733256,73.444436,100
18.733436,73.444431,100
18.740915,73.468498,100
18.741088,73.468445,100
18.741435,73.429425,100
18.741449,73.429602,100
18.743175,73.480691,100
18.743352,73.480658,100
18.746814,73.501035,100
18.746993,73.501010,100
18.751279,73.522927,100
18.751459,73.522942,100
18.759429,73.371925,60
18.760858,73.424091,100
18.760983,73.424116,100
18.763019,73.348630,60
18.763392,73.355614,60
18.764694,73.355937,60
18.764907,73.387785,60
18.765838,73.388255,60
18.765928,73.388111,60
18.766004,73.369482,60
18.766492,73.388392,60
18.766812,73.360492,60
18.766873,73.345552,60
18.768382,73.361708,60
18.768419,73.340542,60
18.769375,73.398376,100
18.770283,73.342335,60
18.773077,73.322119,60
18.778437,73.317312,60
18.778582,73.317425,60
18.788581,73.306724,100
18.788693,73.306954,100
18.793292,73.293040,100
18.794690,73.289911,100
18.794759,73.290130,100
18.816391,73.273630,100
18.822530,73.265533,100
18.823878,73.264833,100
18.849402,73.229730,100
18.851428,73.228576,100
18.851513,73.228746,100
18.891970,73.205465,100
18.899365,73.202135,100
18.911900,73.180858,100
18.912083,73.181021,100
18.946879,73.155592,100
18.946909,73.155387,100
18.955404,73.155814,100
18.974456,73.153739,100
18.974574,73.153882,100
18.976853,73.151817,100
18.983910,73.145173,100
18.984032,73.145312,100
19.013009,73.116485,100
19.056371,72.930599,0
19.056500,72.930607,0
19.060377,72.921483,0
19.060496,72.921536,0
24.300627,89.101604,0
25.423787,75.613513,80
25.424161,75.613234,80
25.442808,75.608913,80
25.629454,85.104061,0
26.779679,75.826536,40
26.814652,75.800157,40
26.838527,75.787897,40
26.839305,75.797966,40
26.840047,75.852440,40
26.842043,75.766421,40
26.862444,75.806849,40
26.872598,75.749696,40
26.883172,75.812047,40
26.895365,75.733585,60
27.009369,75.789657,60
27.184480,77.443045,60
27.661896,85.317381,50
27.661956,85.317443,50
27.662011,85.317491,50
27.662076,85.317545,50
27.664162,85.330171,50
27.672416,85.303235,50
27.672633,85.303595,50
27.674330,85.368122,50
27.674361,85.365884,50
27.674381,85.364996,50
27.676717,85.346521,50
27.676802,85.346454,50
27.676837,85.346407,50
27.676896,85.346349,50
27.677468,85.347657,50
27.677540,85.347580,50
27.677586,85.347525,50
27.677645,85.347474,50
27.677808,85.301973,50
27.677809,85.302252,50
27.677812,85.302160,50
27.677814,85.302085,50
27.682709,85.349314,50
27.682720,85.349443,50
28.206598,83.959045,30
28.527566,77.169986,50
28.536553,77.173109,50
28.536580,77.172996,50
28.548473,77.162738,0
28.549202,77.163086,0
28.592984,77.241036,0
28.603462,77.268805,0
28.634684,77.254936,60
28.721499,77.140653,60
30.881701,75.775017,50
32.186227,76.364507,40
33.531038,73.146543,50
34.075466,74.794579,0
